Name : Akshay Aute.

1.Create Table

a.Write a SQL statement to create a table named jobs including columns job_id,
 job_title, min_salary, max_salary and check whether the max_salary should  be greater than  8000.

mysql> create table jobs(job_id int primary key auto_increment,job_title varchar(30),min_salary int,max_salary int check (max_salary>=8000));
Query OK, 0 rows affected (0.07 sec)

mysql> desc jobs;
+------------+-------------+------+-----+---------+----------------+
| Field      | Type        | Null | Key | Default | Extra          |
+------------+-------------+------+-----+---------+----------------+
| job_id     | int         | NO   | PRI | NULL    | auto_increment |
| job_title  | varchar(30) | YES  |     | NULL    |                |
| min_salary | int         | YES  |     | NULL    |                |
| max_salary | int         | YES  |     | NULL    |                |
+------------+-------------+------+-----+---------+----------------+
4 rows in set (0.03 sec)

---------------------------------------------------------------------------------------------------------------------------------------
---------------------------------------------------------------------------------------------------------------------------------------
b. Write a SQL statement to create a table named countries including columns country_id, 
country_name and region_id and make sure that no countries except Italy, India and China 
will be entered in the table.


mysql> create table countries(country_id int primary key auto_increment,country_name enum('India','China','Italy'),region_id int);
Query OK, 0 rows affected (0.02 sec)

mysql> desc countries;
+--------------+-------------------------------+------+-----+---------+----------------+
| Field        | Type                          | Null | Key | Default | Extra          |
+--------------+-------------------------------+------+-----+---------+----------------+
| country_id   | int                           | NO   | PRI | NULL    | auto_increment |
| country_name | enum('India','China','Italy') | YES  |     | NULL    |                |
| region_id    | int                           | YES  |     | NULL    |                |
+--------------+-------------------------------+------+-----+---------+----------------+
3 rows in set (0.00 sec)

---------------------------------------------------------------------------------------------------------------------------------------
---------------------------------------------------------------------------------------------------------------------------------------

c.Write a SQL statement to create a table job_history including columns employee_id, start_date, end_date,
 job_id and department_id and make sure that, the employee_id column does not contain any duplicate value 
at the time of insertion  .


mysql> create table job_history(employee_id int primary key , start_date int, end_date int, job_id int, department_id int, unique (employee_id));
Query OK, 0 rows affected (0.02 sec)

mysql> desc job_history;
+---------------+------+------+-----+---------+-------+
| Field         | Type | Null | Key | Default | Extra |
+---------------+------+------+-----+---------+-------+
| employee_id   | int  | NO   | PRI | NULL    |       |
| start_date    | int  | YES  |     | NULL    |       |
| end_date      | int  | YES  |     | NULL    |       |
| job_id        | int  | YES  |     | NULL    |       |
| department_id | int  | YES  |     | NULL    |       |
+---------------+------+------+-----+---------+-------+
5 rows in set (0.00 sec)

---------------------------------------------------------------------------------------------------------------------------------------
---------------------------------------------------------------------------------------------------------------------------------------

2.Alter Table

a.Write a SQL statement to add a foreign key constraint named fk_job_id on job_id column of 
job_history table referencing to the primary key job_id of jobs table.

mysql> alter table job_history add(fk_job_id int, foreign key (fk_job_id) references jobs(job_id));
Query OK, 0 rows affected (0.04 sec)
Records: 0  Duplicates: 0  Warnings: 0

mysql> desc job_history;
+---------------+------+------+-----+---------+-------+
| Field         | Type | Null | Key | Default | Extra |
+---------------+------+------+-----+---------+-------+
| employee_id   | int  | NO   | PRI | NULL    |       |
| start_date    | int  | YES  |     | NULL    |       |
| end_date      | int  | YES  |     | NULL    |       |
| job_id        | int  | YES  |     | NULL    |       |
| department_id | int  | YES  |     | NULL    |       |
| fk_job_id     | int  | YES  | MUL | NULL    |       |
+---------------+------+------+-----+---------+-------+
6 rows in set (0.00 sec)

---------------------------------------------------------------------------------------------------------------------------------------
---------------------------------------------------------------------------------------------------------------------------------------


b.Write a SQL statement to rename the table countries to country_new.

mysql> alter table countries rename countries_new;
Query OK, 0 rows affected (0.02 sec)

mysql> show tables;
+--------------------+
| Tables_in_practice |
+--------------------+
| a                  |
| b                  |
| books              |
| countries_new      |
| customers          |
| employee           |
| fruits             |
| job_history        |
| jobs               |
| salaries           |
+--------------------+
10 rows in set (0.01 sec)

---------------------------------------------------------------------------------------------------------------------------------------
---------------------------------------------------------------------------------------------------------------------------------------

c.Write a SQL statement to change the name of the column country_id to con_id, 
keeping the data type and size same.


mysql> desc countries_new;
+--------------+-------------------------------+------+-----+---------+----------------+
| Field        | Type                          | Null | Key | Default | Extra          |
+--------------+-------------------------------+------+-----+---------+----------------+
| country_id   | int                           | NO   | PRI | NULL    | auto_increment |
| country_name | enum('India','China','Italy') | YES  |     | NULL    |                |
| region_id    | int                           | YES  |     | NULL    |                |
+--------------+-------------------------------+------+-----+---------+----------------+
3 rows in set (0.00 sec)

mysql> alter table countries_new rename column country_id  to con_id;
Query OK, 0 rows affected (0.02 sec)
Records: 0  Duplicates: 0  Warnings: 0

mysql> desc countries_new;
+--------------+-------------------------------+------+-----+---------+----------------+
| Field        | Type                          | Null | Key | Default | Extra          |
+--------------+-------------------------------+------+-----+---------+----------------+
| con_id       | int                           | NO   | PRI | NULL    | auto_increment |
| country_name | enum('India','China','Italy') | YES  |     | NULL    |                |
| region_id    | int                           | YES  |     | NULL    |                |
+--------------+-------------------------------+------+-----+---------+----------------+
3 rows in set (0.00 sec)

---------------------------------------------------------------------------------------------------------------------------------------
---------------------------------------------------------------------------------------------------------------------------------------

3.DML Statement

a.Write a SQL statement to insert a record with your own value into the table countries against each columns.

mysql> desc countries_new;
+--------------+-------------------------------+------+-----+---------+----------------+
| Field        | Type                          | Null | Key | Default | Extra          |
+--------------+-------------------------------+------+-----+---------+----------------+
| con_id       | int                           | NO   | PRI | NULL    | auto_increment |
| country_name | enum('India','China','Italy') | YES  |     | NULL    |                |
| region_id    | int                           | YES  |     | NULL    |                |
+--------------+-------------------------------+------+-----+---------+----------------+
3 rows in set (0.00 sec)

mysql> insert into countries_new(country_name,region_id) values('India',1);
Query OK, 1 row affected (0.01 sec)

mysql> insert into countries_new(country_name,region_id) values('China',2);
Query OK, 1 row affected (0.01 sec)

mysql> insert into countries_new(country_name,region_id) values('Italy',3);
Query OK, 1 row affected (0.01 sec)

mysql> select * from countries_new;
+--------+--------------+-----------+
| con_id | country_name | region_id |
+--------+--------------+-----------+
|      1 | India        |         1 |
|      2 | China        |         2 |
|      3 | Italy        |         3 |
+--------+--------------+-----------+
3 rows in set (0.00 sec)

---------------------------------------------------------------------------------------------------------------------------------------
---------------------------------------------------------------------------------------------------------------------------------------

b.Write a SQL statement to insert 5 rows by a single insert statement into jobs table.


mysql> insert into jobs(job_title,min_salary,max_salary) values('Accountant',4200,9000),('Sales Manager',10000,20000),('Stock Manager',5500,8500),('Programmer',4000,10000),('Marketing Manager',9000,15000);
Query OK, 5 rows affected (0.00 sec)
Records: 5  Duplicates: 0  Warnings: 0

mysql> select * from jobs;
+--------+-------------------+------------+------------+
| job_id | job_title         | min_salary | max_salary |
+--------+-------------------+------------+------------+
|      1 | Accountant        |       4200 |       9000 |
|      2 | Accountant        |       4200 |       9000 |
|      3 | Sales Manager     |      10000 |      20000 |
|      4 | Stock Manager     |       5500 |       8500 |
|      5 | Programmer        |       4000 |      10000 |
|      6 | Marketing Manager |       9000 |      15000 |
+--------+-------------------+------------+------------+
6 rows in set (0.00 sec)

---------------------------------------------------------------------------------------------------------------------------------------
---------------------------------------------------------------------------------------------------------------------------------------

c.Write a SQL statement to change Min_salary  to 8000 and max_Salary to 40000 for programmer.


mysql> select * from jobs;
+--------+-------------------+------------+------------+
| job_id | job_title         | min_salary | max_salary |
+--------+-------------------+------------+------------+
|      1 | Accountant        |       4200 |       9000 |
|      2 | Accountant        |       4200 |       9000 |
|      3 | Sales Manager     |      10000 |      20000 |
|      4 | Stock Manager     |       5500 |       8500 |
|      5 | Programmer        |       4000 |      10000 |
|      6 | Marketing Manager |       9000 |      15000 |
+--------+-------------------+------------+------------+
6 rows in set (0.00 sec)

mysql> update jobs set min_salary=8000,max_salary=40000 where job_title='Programmer';
Query OK, 1 row affected (0.01 sec)
Rows matched: 1  Changed: 1  Warnings: 0

mysql> select * from jobs;
+--------+-------------------+------------+------------+
| job_id | job_title         | min_salary | max_salary |
+--------+-------------------+------------+------------+
|      1 | Accountant        |       4200 |       9000 |
|      2 | Accountant        |       4200 |       9000 |
|      3 | Sales Manager     |      10000 |      20000 |
|      4 | Stock Manager     |       5500 |       8500 |
|      5 | Programmer        |       8000 |      40000 |
|      6 | Marketing Manager |       9000 |      15000 |
+--------+-------------------+------------+------------+
6 rows in set (0.00 sec)








































